feature,importance
lag_1h_aqi,14.238551565650061
lag_2h_aqi,10.812602085752122
aqi_change_rate,4.828545477943212
pm2_5_rolling_24h,2.7953478754354304
us_aqi_rolling_6h,2.594686658847026
us_aqi_rolling_24h,0.8804113662159273
pm10_rolling_6h,0.703803733272792
pm2_5_rolling_6h,0.6390434294689606
pm10_rolling_24h,0.5701065372087432
lag_24h_aqi,0.446329831441924
hour,0.023191817767828415
day_of_week,0.02085597856638916
month,0.00507670858190619
