feature,importance
lag_1h_aqi,14.580691914979223
lag_2h_aqi,11.06354678107634
aqi_change_rate,4.82919471566311
pm2_5_rolling_24h,2.8391839965864314
us_aqi_rolling_6h,2.711801360618393
us_aqi_rolling_24h,0.9011847703398278
pm10_rolling_6h,0.711595148012981
pm2_5_rolling_6h,0.6514335634148994
pm10_rolling_24h,0.6285125432419528
lag_24h_aqi,0.4605637765519674
day_of_week,0.02281883014618951
hour,0.022560235636603206
month,0.002697606684593594
