feature,importance
lag_1h_aqi,15.111484542680428
lag_2h_aqi,11.66467227619269
aqi_change_rate,5.797327397077135
us_aqi_rolling_6h,2.985321170779683
pm2_5_rolling_24h,2.9241382902035995
us_aqi_rolling_24h,1.012096609809275
pm10_rolling_6h,0.7161646734327092
pm2_5_rolling_6h,0.692084485538757
pm10_rolling_24h,0.6878852995606576
lag_24h_aqi,0.49869658296891783
day_of_week,0.026296975860584756
hour,0.019298310996852742
month,0.003658369485691716
