feature,importance
lag_1h_aqi,22.75179
pm2_5_rolling_24h,3.769756
aqi_change_rate,3.1513531
hour,0.29229808
pm2_5_rolling_6h,0.2846607
pm10_rolling_24h,0.20440117
us_aqi_rolling_24h,0.19547795
lag_24h_aqi,0.1800426
pm10_rolling_6h,0.12490097
lag_2h_aqi,0.111658365
us_aqi_rolling_6h,0.11027811
month,0.038708683
day_of_week,0.03496267
