feature,importance
lag_1h_aqi,15.12491208301584
lag_2h_aqi,11.669293173613484
aqi_change_rate,5.664337368327729
pm2_5_rolling_24h,2.987242220107843
us_aqi_rolling_6h,2.9038469243884917
us_aqi_rolling_24h,0.9549822011873349
pm10_rolling_6h,0.7137149607518961
pm2_5_rolling_6h,0.6891315132804924
pm10_rolling_24h,0.6608181087159954
lag_24h_aqi,0.46727665855068373
day_of_week,0.020354940667929266
hour,0.0201001811769864
month,0.0015259443317924063
