feature,importance
lag_1h_aqi,15.23706734063695
lag_2h_aqi,11.931740286106482
aqi_change_rate,4.754446019970401
us_aqi_rolling_6h,3.1068157159925236
pm2_5_rolling_24h,2.3702863734830077
us_aqi_rolling_24h,1.0568919169227118
pm10_rolling_6h,0.8125077851772473
pm10_rolling_24h,0.7484417556448193
pm2_5_rolling_6h,0.6606899244934351
lag_24h_aqi,0.5199370769718327
day_of_week,0.04039527022573106
hour,0.025967347463824744
month,0.020595550501058567
