feature,importance
lag_1h_aqi,16.50612128012968
lag_2h_aqi,13.053337745486456
aqi_change_rate,4.115461005665775
us_aqi_rolling_6h,3.5495356317304685
pm2_5_rolling_24h,2.2754668168565453
us_aqi_rolling_24h,1.2393207640110162
pm10_rolling_6h,0.7194214801486241
pm10_rolling_24h,0.6503487236883246
pm2_5_rolling_6h,0.6209265806810409
lag_24h_aqi,0.5813151692667826
day_of_week,0.024940596242486648
month,0.019791441370514244
hour,0.01267916538626011
