feature,importance
lag_1h_aqi,21.261663
pm2_5_rolling_24h,3.7418118
aqi_change_rate,3.2236612
us_aqi_rolling_24h,0.4051169
hour,0.3349825
pm10_rolling_24h,0.28243178
pm2_5_rolling_6h,0.27874047
lag_24h_aqi,0.16130243
lag_2h_aqi,0.15775152
pm10_rolling_6h,0.14363815
us_aqi_rolling_6h,0.12100895
day_of_week,0.032458577
month,0.02283936
