feature,importance
lag_1h_aqi,14.590297953726909
lag_2h_aqi,11.065167622053856
aqi_change_rate,4.8289153975811825
pm2_5_rolling_24h,2.8327216318414794
us_aqi_rolling_6h,2.715484202805418
us_aqi_rolling_24h,0.9012714823533226
pm10_rolling_6h,0.7108836926329235
pm2_5_rolling_6h,0.6508751787472369
pm10_rolling_24h,0.6292865793282362
lag_24h_aqi,0.4620781766412393
day_of_week,0.02284325839842325
hour,0.022405091567141586
month,0.002491216583315619
