feature,importance
lag_1h_aqi,20.694273883961554
pm2_5_rolling_24h,3.632506412549308
aqi_change_rate,3.614032189045357
us_aqi_rolling_24h,0.42812029991825434
hour,0.3106086886256493
pm2_5_rolling_6h,0.2660759946553798
pm10_rolling_24h,0.15376241108605174
pm10_rolling_6h,0.10975165145821002
lag_24h_aqi,0.10527298566730649
lag_2h_aqi,0.07755984520920006
us_aqi_rolling_6h,0.06817071684912777
month,0.041992888374878745
day_of_week,0.013683763861596981
