feature,importance
lag_1h_aqi,14.566627234795606
lag_2h_aqi,11.102681827634141
aqi_change_rate,6.003517225665721
pm2_5_rolling_24h,2.8290977676990066
us_aqi_rolling_6h,2.7457143399149
us_aqi_rolling_24h,0.9468929529863438
pm10_rolling_6h,0.7500431188431356
pm10_rolling_24h,0.6737343848791342
pm2_5_rolling_6h,0.6395799034358568
lag_24h_aqi,0.4902501412206515
day_of_week,0.023158953844200213
hour,0.019865938205563486
month,0.002512477601536046
