feature,importance
lag_1h_aqi,14.981357423671067
lag_2h_aqi,11.820836588455336
aqi_change_rate,5.0908209197510965
us_aqi_rolling_6h,2.9891374290652526
pm2_5_rolling_24h,2.436618519223036
us_aqi_rolling_24h,0.9642878244726475
pm10_rolling_6h,0.7707502905758509
pm10_rolling_24h,0.6849896356961591
pm2_5_rolling_6h,0.664248205982643
lag_24h_aqi,0.498566464452963
day_of_week,0.05570204423177406
hour,0.022158571328813905
month,0.014637759008576024
