feature,importance
lag_1h_aqi,15.068333176586007
lag_2h_aqi,11.966190352674703
aqi_change_rate,6.078321263778821
us_aqi_rolling_6h,3.014042295553418
pm2_5_rolling_24h,2.6895152984083963
us_aqi_rolling_24h,0.9879279611704915
pm10_rolling_6h,0.7364961599331715
pm10_rolling_24h,0.7155408551084207
pm2_5_rolling_6h,0.6382181265810304
lag_24h_aqi,0.5013655136236769
day_of_week,0.03108046409848427
hour,0.018294767886937048
month,0.0063686642749980395
