name,rmse,mae,r2
Linear Regression,4.4973432537682845,2.7560822764431285,0.9821081954475023
Ridge Regression,4.497320275035068,2.7560712816546156,0.9821083782798681
Random Forest,4.622442212525833,2.5224706971778406,0.9810989881299816
Gradient Boosting,4.23818229942155,2.4277153804630327,0.9841108252863097
XGBoost,4.0902534980535865,2.239754486083984,0.9852006540205468
LSTM (Deep Learning),5.476643893206498,3.8756598006847294,0.9734714807785468
