name,rmse,mae,r2
Linear Regression,4.72279596667018,2.892246772338545,0.9812902826058634
Ridge Regression,4.722855769334979,2.892273049885281,0.9812898087772035
Random Forest,7.364989277562379,3.793822779408878,0.9544998217441879
Gradient Boosting,5.876683640493343,3.1914121166464535,0.9710310013035409
XGBoost,5.981950294336186,3.1898244554205455,0.9699838863990421
LSTM (Deep Learning),7.411686370113722,4.798371750727608,0.9538610436374515
