name,rmse,mae,r2
Linear Regression,4.636815457685378,2.8350832128793675,0.9814614173359731
Ridge Regression,4.636813767037272,2.835084903992396,0.9814614308548265
Random Forest,4.760187155166452,2.6011182214559883,0.9804617815558194
Gradient Boosting,4.413535664062998,2.460286056983833,0.9832038329545209
XGBoost,4.2934887523070016,2.365368403944858,0.9841051086488358
LSTM (Deep Learning),6.518313452587101,4.225973235196846,0.9633567689084778
