name,rmse,mae,r2
Linear Regression,4.726449553258851,2.8962614225877763,0.9806457435338624
Ridge Regression,4.726492639051126,2.896284105385159,0.980645390669724
Random Forest,7.174034427205582,3.7589565098775313,0.9554104231698753
Gradient Boosting,5.816077030127071,3.111661450325449,0.9706933122242143
XGBoost,5.78824523517056,3.035383696622628,0.9709731249326212
LSTM (Deep Learning),6.587744681545671,4.404746854205465,0.9623890811463697
