name,rmse,mae,r2
Linear Regression,4.651379417016027,2.869359368354921,0.9814941405207245
Ridge Regression,4.651393408001807,2.8693679408412542,0.981494029192199
Random Forest,5.623871587621503,3.0505305793620114,0.9729469323820639
Gradient Boosting,5.1997989016754875,2.7901521314597675,0.9768730254463092
XGBoost,4.7901024739367974,2.554135322570801,0.9803738594055176
LSTM (Deep Learning),6.68955976192377,4.363995552062988,0.9616923332214355
