name,rmse,mae,r2
Linear Regression,4.676980076892174,2.8651023073294435,0.9811704484725245
Ridge Regression,4.677028024003686,2.8651237810107153,0.981170062399794
Random Forest,7.39358521964967,3.786144740535975,0.9529435562638197
Gradient Boosting,5.763084606930776,3.1749051726586455,0.9714096858489734
XGBoost,5.780272975170735,3.0839009858943807,0.971238890619931
LSTM (Deep Learning),5.480514292571569,3.5889974841365113,0.9741691789437986
