name,rmse,mae,r2
Linear Regression,4.723672553280213,2.8931574125737676,0.981116810745705
Ridge Regression,4.723735814335876,2.893181660445358,0.9811163049619226
Random Forest,7.521503799692922,3.862370339874856,0.9521231977957196
Gradient Boosting,6.150777271168559,3.2963898796326916,0.967983358104306
XGBoost,6.117677117006882,3.211064420655722,0.9683270233745238
LSTM (Deep Learning),6.4043899031572975,4.480653010878458,0.9653360533872172
