name,rmse,mae,r2
Linear Regression,4.428897759303388,2.7372944364072858,0.9821695148745202
Ridge Regression,4.428866163109139,2.737283786134384,0.9821697692824982
Random Forest,4.420663240297534,2.4665058611279207,0.9822357566269784
Gradient Boosting,3.92977891369354,2.241824195417702,0.9859619079460301
XGBoost,3.9739029686826037,2.1976028442382813,0.9856448952037313
LSTM (Deep Learning),5.444611551799703,3.771041129356207,0.9730866388142024
