name,rmse,mae,r2
Linear Regression,4.668403655211744,2.881227409875773,0.981261002794399
Ridge Regression,4.668432601802198,2.881244896161843,0.9812607704101411
Random Forest,5.906174583256473,3.189221075732769,0.9700068481531023
Gradient Boosting,5.1382397856650215,2.79948459719109,0.9772993506284774
XGBoost,4.8439091787469755,2.582709671730219,0.979825558116639
LSTM (Deep Learning),8.336848899121874,5.451722748335018,0.9402046729039599
