name,rmse,mae,r2
Linear Regression,4.70400418719367,2.889382050383821,0.9816147725320645
Ridge Regression,4.7040716964165785,2.8894165076938236,0.9816142448193855
Random Forest,7.445364607415175,3.8475654858428947,0.9539419497664121
Gradient Boosting,5.803431938465743,3.131207400462924,0.9720164119329695
XGBoost,5.914031904689944,3.153829351884348,0.9709396437243774
LSTM (Deep Learning),6.4771218217712505,4.381804788024338,0.9651726818518868
