name,rmse,mae,r2
Linear Regression,4.664452452712056,2.8715486106240764,0.9810413921742556
Ridge Regression,4.664482617722215,2.871565524557901,0.9810411469628604
Random Forest,6.531694363801788,3.4464128366440883,0.962824500593626
Gradient Boosting,5.262567999763153,2.8984991809930842,0.9758675984456984
XGBoost,5.276138631818574,2.8170787057211233,0.9757429770839033
LSTM (Deep Learning),7.799565456628453,5.578815129479697,0.9469689254814851
