name,rmse,mae,r2
Linear Regression,4.695677648506542,2.864890029447385,0.9808854237197284
Ridge Regression,4.695725239782771,2.86491225626088,0.9808850362605552
Random Forest,6.937312158482717,3.6599174378816612,0.9582793949658469
Gradient Boosting,5.92904661436337,3.163824425524603,0.9695254112392558
XGBoost,6.177700328835619,3.2048424311793124,0.9669157115116555
LSTM (Deep Learning),6.820348898153894,4.258904048653537,0.9597086978552108
