name,rmse,mae,r2
Linear Regression,4.723864809608277,2.891677916894529,0.9813043344208977
Ridge Regression,4.723924805252066,2.891704690460543,0.9813038595277073
Random Forest,7.272582643452964,3.7554595951203686,0.9556877970921138
Gradient Boosting,5.9054261505193075,3.1602652903533888,0.9707821337785834
XGBoost,5.935631151025097,3.120728711086194,0.9704824830481837
LSTM (Deep Learning),8.226821553817622,5.729645303606711,0.9432281541695086
